,Residue_ID,Residue,Probability,Binary
0,1,I,,-9223372036854775808
1,2,Q,,-9223372036854775808
2,3,R,,-9223372036854775808
3,4,T,,-9223372036854775808
4,5,P,,-9223372036854775808
5,6,K,,-9223372036854775808
6,7,I,,-9223372036854775808
7,8,Q,,-9223372036854775808
8,9,V,,-9223372036854775808
9,10,Y,,-9223372036854775808
10,11,S,,-9223372036854775808
11,12,R,,-9223372036854775808
12,13,H,,-9223372036854775808
13,14,P,,-9223372036854775808
14,15,A,,-9223372036854775808
15,16,E,,-9223372036854775808
16,17,N,,-9223372036854775808
17,18,G,,-9223372036854775808
18,19,K,,-9223372036854775808
19,20,S,,-9223372036854775808
20,21,N,,-9223372036854775808
21,22,F,,-9223372036854775808
22,23,L,,-9223372036854775808
23,24,N,,-9223372036854775808
24,25,C,,-9223372036854775808
25,26,Y,,-9223372036854775808
26,27,V,,-9223372036854775808
27,28,S,,-9223372036854775808
28,29,G,,-9223372036854775808
29,30,F,,-9223372036854775808
30,31,H,,-9223372036854775808
31,32,P,,-9223372036854775808
32,33,S,,-9223372036854775808
33,34,D,,-9223372036854775808
34,35,I,,-9223372036854775808
35,36,E,,-9223372036854775808
36,37,V,,-9223372036854775808
37,38,D,,-9223372036854775808
38,39,L,,-9223372036854775808
39,40,L,,-9223372036854775808
40,41,K,,-9223372036854775808
41,42,N,,-9223372036854775808
42,43,G,,-9223372036854775808
43,44,E,,-9223372036854775808
44,45,R,,-9223372036854775808
45,46,I,,-9223372036854775808
46,47,E,,-9223372036854775808
47,48,K,,-9223372036854775808
48,49,V,,-9223372036854775808
49,50,E,,-9223372036854775808
50,51,H,,-9223372036854775808
51,52,S,,-9223372036854775808
52,53,D,,-9223372036854775808
53,54,L,,-9223372036854775808
54,55,S,,-9223372036854775808
55,56,F,,-9223372036854775808
56,57,S,,-9223372036854775808
57,58,K,,-9223372036854775808
58,59,D,,-9223372036854775808
59,60,W,,-9223372036854775808
60,61,S,,-9223372036854775808
61,62,F,,-9223372036854775808
62,63,Y,,-9223372036854775808
63,64,L,,-9223372036854775808
64,65,L,,-9223372036854775808
65,66,Y,,-9223372036854775808
66,67,Y,,-9223372036854775808
67,68,T,,-9223372036854775808
68,69,E,,-9223372036854775808
69,70,F,,-9223372036854775808
70,71,T,,-9223372036854775808
71,72,P,,-9223372036854775808
72,73,T,,-9223372036854775808
73,74,E,,-9223372036854775808
74,75,K,,-9223372036854775808
75,76,D,,-9223372036854775808
76,77,E,,-9223372036854775808
77,78,Y,,-9223372036854775808
78,79,A,,-9223372036854775808
79,80,C,,-9223372036854775808
80,81,R,,-9223372036854775808
81,82,V,,-9223372036854775808
82,83,N,,-9223372036854775808
83,84,H,,-9223372036854775808
84,85,V,,-9223372036854775808
85,86,T,,-9223372036854775808
86,87,L,,-9223372036854775808
87,88,S,,-9223372036854775808
88,89,Q,,-9223372036854775808
89,90,P,,-9223372036854775808
90,91,K,,-9223372036854775808
91,92,I,,-9223372036854775808
92,93,V,,-9223372036854775808
93,94,K,,-9223372036854775808
94,95,W,,-9223372036854775808
95,96,D,,-9223372036854775808
96,97,R,,-9223372036854775808
97,98,D,,-9223372036854775808
98,99,M,,-9223372036854775808
99,1,I,,-9223372036854775808
100,2,Q,,-9223372036854775808
101,3,R,,-9223372036854775808
102,4,T,,-9223372036854775808
103,5,P,,-9223372036854775808
104,6,K,,-9223372036854775808
105,7,I,,-9223372036854775808
106,8,Q,,-9223372036854775808
107,9,V,,-9223372036854775808
108,10,Y,,-9223372036854775808
109,11,S,,-9223372036854775808
110,12,R,,-9223372036854775808
111,13,H,,-9223372036854775808
112,14,P,,-9223372036854775808
113,15,A,,-9223372036854775808
114,16,E,,-9223372036854775808
115,17,N,,-9223372036854775808
116,18,G,,-9223372036854775808
117,19,K,,-9223372036854775808
118,20,S,,-9223372036854775808
119,21,N,,-9223372036854775808
120,22,F,,-9223372036854775808
121,23,L,,-9223372036854775808
122,24,N,,-9223372036854775808
123,25,C,,-9223372036854775808
124,26,Y,,-9223372036854775808
125,27,V,,-9223372036854775808
126,28,S,,-9223372036854775808
127,29,G,,-9223372036854775808
128,30,F,,-9223372036854775808
129,31,H,,-9223372036854775808
130,32,P,,-9223372036854775808
131,33,S,,-9223372036854775808
132,34,D,,-9223372036854775808
133,35,I,,-9223372036854775808
134,36,E,,-9223372036854775808
135,37,V,,-9223372036854775808
136,38,D,,-9223372036854775808
137,39,L,,-9223372036854775808
138,40,L,,-9223372036854775808
139,41,K,,-9223372036854775808
140,42,N,,-9223372036854775808
141,43,G,,-9223372036854775808
142,44,E,,-9223372036854775808
143,45,R,,-9223372036854775808
144,46,I,,-9223372036854775808
145,47,E,,-9223372036854775808
146,48,K,,-9223372036854775808
147,49,V,,-9223372036854775808
148,50,E,,-9223372036854775808
149,51,H,,-9223372036854775808
150,52,S,,-9223372036854775808
151,53,D,,-9223372036854775808
152,54,L,,-9223372036854775808
153,55,S,,-9223372036854775808
154,56,F,,-9223372036854775808
155,57,S,,-9223372036854775808
156,58,K,,-9223372036854775808
157,59,D,,-9223372036854775808
158,60,W,,-9223372036854775808
159,61,S,,-9223372036854775808
160,62,F,,-9223372036854775808
161,63,Y,,-9223372036854775808
162,64,L,,-9223372036854775808
163,65,L,,-9223372036854775808
164,66,Y,,-9223372036854775808
165,67,Y,,-9223372036854775808
166,68,T,,-9223372036854775808
167,69,E,,-9223372036854775808
168,70,F,,-9223372036854775808
169,71,T,,-9223372036854775808
170,72,P,,-9223372036854775808
171,73,T,,-9223372036854775808
172,74,E,,-9223372036854775808
173,75,K,,-9223372036854775808
174,76,D,,-9223372036854775808
175,77,E,,-9223372036854775808
176,78,Y,,-9223372036854775808
177,79,A,,-9223372036854775808
178,80,C,,-9223372036854775808
179,81,R,,-9223372036854775808
180,82,V,,-9223372036854775808
181,83,N,,-9223372036854775808
182,84,H,,-9223372036854775808
183,85,V,,-9223372036854775808
184,86,T,,-9223372036854775808
185,87,L,,-9223372036854775808
186,88,S,,-9223372036854775808
187,89,Q,,-9223372036854775808
188,90,P,,-9223372036854775808
189,91,K,,-9223372036854775808
190,92,I,,-9223372036854775808
191,93,V,,-9223372036854775808
192,94,K,,-9223372036854775808
193,95,W,,-9223372036854775808
194,96,D,,-9223372036854775808
195,97,R,,-9223372036854775808
196,98,D,,-9223372036854775808
197,99,M,,-9223372036854775808
198,100,E,,-9223372036854775808
199,101,M,,-9223372036854775808
200,102,Q,,-9223372036854775808
201,103,E,,-9223372036854775808
202,104,D,,-9223372036854775808
203,105,N,,-9223372036854775808
204,106,S,,-9223372036854775808
205,107,T,,-9223372036854775808
206,108,E,,-9223372036854775808
207,109,G,,-9223372036854775808
208,110,Y,,-9223372036854775808
209,111,W,,-9223372036854775808
210,112,K,,-9223372036854775808
211,113,Y,,-9223372036854775808
212,114,G,,-9223372036854775808
213,115,Y,,-9223372036854775808
214,116,D,,-9223372036854775808
215,117,G,,-9223372036854775808
216,118,Q,,-9223372036854775808
217,119,D,,-9223372036854775808
218,120,H,,-9223372036854775808
219,121,L,,-9223372036854775808
220,122,E,,-9223372036854775808
221,123,F,,-9223372036854775808
222,124,C,,-9223372036854775808
223,125,P,,-9223372036854775808
224,126,D,,-9223372036854775808
225,127,T,,-9223372036854775808
226,128,L,,-9223372036854775808
227,129,D,,-9223372036854775808
228,130,W,,-9223372036854775808
229,131,R,,-9223372036854775808
230,132,A,,-9223372036854775808
231,133,A,,-9223372036854775808
232,134,E,,-9223372036854775808
233,135,P,,-9223372036854775808
234,136,R,,-9223372036854775808
235,137,A,,-9223372036854775808
236,138,W,,-9223372036854775808
237,139,P,,-9223372036854775808
238,140,T,,-9223372036854775808
239,141,K,,-9223372036854775808
240,142,L,,-9223372036854775808
241,143,E,,-9223372036854775808
242,144,W,,-9223372036854775808
243,145,E,,-9223372036854775808
244,146,R,,-9223372036854775808
245,147,H,,-9223372036854775808
246,148,K,,-9223372036854775808
247,149,I,,-9223372036854775808
248,150,R,,-9223372036854775808
249,151,A,,-9223372036854775808
250,152,R,,-9223372036854775808
251,153,Q,,-9223372036854775808
252,154,N,,-9223372036854775808
253,155,R,,-9223372036854775808
254,156,A,,-9223372036854775808
255,157,Y,,-9223372036854775808
256,158,L,,-9223372036854775808
257,159,E,,-9223372036854775808
258,160,R,,-9223372036854775808
259,161,D,,-9223372036854775808
260,162,C,,-9223372036854775808
261,163,P,,-9223372036854775808
262,164,A,,-9223372036854775808
263,165,Q,,-9223372036854775808
264,166,L,,-9223372036854775808
265,167,Q,,-9223372036854775808
266,168,Q,,-9223372036854775808
267,169,L,,-9223372036854775808
268,170,L,,-9223372036854775808
269,171,E,,-9223372036854775808
270,172,L,,-9223372036854775808
271,173,G,,-9223372036854775808
272,174,R,,-9223372036854775808
273,175,G,,-9223372036854775808
274,176,V,,-9223372036854775808
275,177,L,,-9223372036854775808
276,178,D,,-9223372036854775808
277,179,Q,,-9223372036854775808
278,180,Q,,-9223372036854775808
279,181,V,,-9223372036854775808
280,182,P,,-9223372036854775808
281,183,P,,-9223372036854775808
282,184,L,,-9223372036854775808
283,185,V,,-9223372036854775808
284,186,K,,-9223372036854775808
285,187,V,,-9223372036854775808
286,188,T,,-9223372036854775808
287,189,H,,-9223372036854775808
288,190,H,,-9223372036854775808
289,191,V,,-9223372036854775808
290,192,T,,-9223372036854775808
291,193,S,,-9223372036854775808
292,194,S,,-9223372036854775808
293,195,V,,-9223372036854775808
294,196,T,,-9223372036854775808
295,197,T,,-9223372036854775808
296,198,L,,-9223372036854775808
297,199,R,,-9223372036854775808
298,200,C,,-9223372036854775808
299,201,R,,-9223372036854775808
300,202,A,,-9223372036854775808
301,203,L,,-9223372036854775808
302,204,N,,-9223372036854775808
303,205,Y,,-9223372036854775808
304,206,Y,,-9223372036854775808
305,207,P,,-9223372036854775808
306,208,Q,,-9223372036854775808
307,209,N,,-9223372036854775808
308,210,I,,-9223372036854775808
309,211,T,,-9223372036854775808
310,212,M,,-9223372036854775808
311,213,K,,-9223372036854775808
312,214,W,,-9223372036854775808
313,215,L,,-9223372036854775808
314,216,K,,-9223372036854775808
315,217,D,,-9223372036854775808
316,218,K,,-9223372036854775808
317,219,Q,,-9223372036854775808
318,220,P,,-9223372036854775808
319,221,M,,-9223372036854775808
320,222,D,,-9223372036854775808
321,223,A,,-9223372036854775808
322,224,K,,-9223372036854775808
323,225,E,,-9223372036854775808
324,226,F,,-9223372036854775808
325,227,E,,-9223372036854775808
326,228,P,,-9223372036854775808
327,229,K,,-9223372036854775808
328,230,D,,-9223372036854775808
329,231,V,,-9223372036854775808
330,232,L,,-9223372036854775808
331,233,P,,-9223372036854775808
332,234,N,,-9223372036854775808
333,235,G,,-9223372036854775808
334,236,D,,-9223372036854775808
335,237,G,,-9223372036854775808
336,238,T,,-9223372036854775808
337,239,Y,,-9223372036854775808
338,240,Q,,-9223372036854775808
339,241,G,,-9223372036854775808
340,242,W,,-9223372036854775808
341,243,I,,-9223372036854775808
342,244,T,,-9223372036854775808
343,245,L,,-9223372036854775808
344,246,A,,-9223372036854775808
345,247,V,,-9223372036854775808
346,248,P,,-9223372036854775808
347,249,P,,-9223372036854775808
348,250,G,,-9223372036854775808
349,251,E,,-9223372036854775808
350,252,E,,-9223372036854775808
351,253,Q,,-9223372036854775808
352,254,R,,-9223372036854775808
353,255,Y,,-9223372036854775808
354,256,T,,-9223372036854775808
355,257,C,,-9223372036854775808
356,258,Q,,-9223372036854775808
357,259,V,,-9223372036854775808
358,260,E,,-9223372036854775808
359,261,H,,-9223372036854775808
360,262,P,,-9223372036854775808
361,263,G,,-9223372036854775808
362,264,L,,-9223372036854775808
363,265,D,,-9223372036854775808
364,266,Q,,-9223372036854775808
365,267,P,,-9223372036854775808
366,268,L,,-9223372036854775808
367,269,I,,-9223372036854775808
368,270,V,,-9223372036854775808
369,271,I,,-9223372036854775808
370,272,W,,-9223372036854775808
